pep;SA
AEAEAEAEAKAKAKAK;Y
GGGGDD;Y
GFFLGLDD;Y
QEIARLEQEIARLEYEIARLE;Y
NNQQNY;Y
AILSS;Y
YVIFL;Y
CEIEIQI;Y
CEIEIQINM;Y
KFFAAK;Y
EFFAAE;Y
GGGGGGGGGGDD;Y
GGVVIA;Y
FKFEFKFE;Y
CEIEIQINMWQ;Y
QQEFQWQFRQQ;Y
NININI;Y
ISDNL;Y
NFGAIL;Y
WRWRWRWR;Y
CKAKAQANM;Y
YYACAYY;Y
CKAKAQANMWQ;Y
CKFKFQFNMWQ;Y
VQIVYK;Y
FTISD;Y
FFKLVFF;Y
LDFPI;Y
FFVLK;Y
KAAGG;N
AAVVLLLWEE;Y
CKIKIQINMWQ;Y
CSISIQI;Y
AAAAAAK;Y
GFFLG;Y
CSISIQINM;Y
FFALGLAGKK;Y
AAAAAAD;Y
GGGGGGGGDD;Y
FAGFT;Y
RARADADARARADADA;Y
WRWRWR;Y
YVVFV;Y
FFGAAGLDGD;Y
AAVVLLLWEEEEEEE;Y
FFGAAGLKGK;Y
ITSVV;Y
FFGALGLDGD;Y
VVEE;Y
WRWRWRWRWR;Y
KLVFF;Y
GFFL;Y
GAVILRR;Y
NVVVVY;Y
PLVKA;N
SFSFSF;Y
KLVFFAE;Y
FFGALGLKGK;Y
FFGPAGLDGD;Y
FFGPLGLDGD;Y
NVVQIY;Y
YFTEF;Y
FKFEFKFEFKFE;Y
LLLLLLKK;Y
DFY;Y
AAAAAAAAAAAARR;Y
VEVE;Y
QIMRW;N
FFLYY;D
VVVVVVDD;Y
YVVFL;Y
VVVVVVK;Y
SSTSAA;Y
FFLYYKK;D
AEAEAKAKAEAEAKAK;Y
RITTR;N
FFVDF;Y
VVVVVVKK;Y
YVNAKQYYRILKRRY;Y
FFPLGLAGDD;Y
NVQVVY;Y
INHVGGTGGAIMAPVAVTRQLVGS;Y
FGAIL;Y
GNNQQNY;Y
FFPLGLAGKK;Y
FFSGHFDFF;Y
GFIL;Y
PFTTR;N
VVVVVVD;Y
FGFHFSFDF;Y
RITWI;N
FNYFLQYYGYQNTG;D
WVNAKQYWRILKRRW;Y
RFRFRFRF;Y
RADARADARADARADA;Y
IKVAV;Y
GGGGGGDD;Y
PRFRFRFRF;Y
FYFQYY;D
FGFDP;Y
IIIK;Y
FYFQYYKK;D
GAIL;Y
NNVVNY;Y
LLLLLLDD;Y
LIVGD;Y
FYFYY;D
IIIIIIKK;Y
KAKAQA;Y
KAKAQAN;Y
KAKAQANMWQ;Y
KFG;Y
KFKFQF;Y
KFKFQFN;Y
KFKFQFNMWQ;Y
KIKIQINM;Y
KIKIQINMWQ;Y
KLDLKLDLKLDL;Y
KYF;Y
KYFFLY;D
KYFFLYKK;D
KYFFQY;D
KYFLFFYY;D
KYFLFFYYKK;D
KYFLFFYYRR;D
KYFNYQGQY;D
FFGPLGLKGK;Y
KYFNYQGQYKK;D
KYLFFQTY;D
MANLGCWMLVLFVATWSDLGLCKKRPKPGGWNTGGSRYPGQGSPGGNRYPPQGGGGWGQPHGGGWGQPHGGGWGQPHGGGWGQPHGGGWGQGGGTHSQWNKPSKPKTNMKHMAGAAAAGAVVGGLGGYMLGSAMSRPIIHFGSDYEDRYYRENMHRYPNQVYYRPMDEYSNQNNFVHDCVNITIKQHTVTTTTKGENFTETDVKMMERVVEQMCITQYERESQAYYQRGSSMVLFSSPPVILLISFLIFLIVG;Y
FFGPAGLKGK;Y
MASHRLLLLCLAGLVFVSEAGPTGTGESKCPLMVKVLDAVRGSPAINVAVHVFRKAADDTWEPFASGKTSESGELHGLTTEEEFVEGIYKVEIDTKSYWKALGISPFHEHAEVVFTANDSGPRRYTIAALLSPYSYSTTAVVTNPKE;Y
VKVRVRVRVPPTRVRVRVKV;Y
VRVRVRVRVPPTRVRVRVRV;Y
VKVKVRVRVPPTRVRVKVKV;Y
VKVKVKVRVPPTRVKVKVKV;Y
GGGAAAVVVIIIKKK;Y
KKKIIIVVVAAAGGG;Y
KKKGGGAAAVVVIII;Y
VVVGGGIIIAAAKKK;Y
KKKAAAIIIGGGVVV;Y
IIIVVVAAAGGGKKK;Y
LIVAGD;Y
ILVAGD;Y
LIVAAD;Y
LAVAGD;Y
AIVAGD;Y
LIVAGE;Y
LIVAGK;Y
LIVAGS;Y
ILVAGS;Y
AIVAGS;Y
LIVAGT;Y
AIVAGT;Y
LIVAD;Y
IVAD;Y
IVD;Y
IID;Y
MDVFMKGLSKAKEGVVAAAEKTKQGVAEAAGKTKEGVLYVGSKTKEGVVHGVATVAEKTKEQVTNVGGAVVTGVTAVAQKTVEGAGSIAAATGFVKKDQLGKEGYQDYEPEA;Y
MDVFMKGLSKAKEGVVAAAEKTKQGVAEAAGKTKEGVLYVVAEKTKEQVTNVGGAVVTGVTAVAQKTVEGAGSIAAATGFVKKDQLGKNEEGAPQEGILEDMPVDPDNEAYEMPSEEGYQDYEPEA;Y
MEMEMKMKMEMEMKMK;Y
TTSGHTDTT;N
TGTHTSTDT;N
AASGHADAA;N
AGAHASADA;N
NYNYNYN;Y
QYQYQYQ;Y
SYSYSYS;Y
GYGYGYG;Y
NYNNYN;Y
QYQQYQ;Y
SYSSYS;Y
IF;Y
VF;Y
LFF;Y
LL;Y
MFIFLLFLTLTSGSDLDRCTTFDDVQAPNYTQHTSSMRGVYYPDEIFRSDTLYLTQDLFLPFYSNVTGFHTINHTFGNPVIPFKDGIYFAATEKSNVVRGWVFGSTMNNKSQSVIIINNSTNVVIRACNFELCDNPFFAVSKPMGTQTHTMIFDNAFNCTFEYISDAFSLDVSEKSGNFKHLREFVFKNKDGFLYVYKGYQPIDVVRDLPSGFNTLKPIFKLPLGINITNFRAILTAFSPAQDIWGTSAAAYFVGYLKPTTFMLKYDENGTITDAVDCSQNPLAELKCSVKSFEIDKGIYQTSNFRVVPSGDVVRFPNITNLCPFGEVFNATKFPSVYAWERKKISNCVADYSVLYNSTFFSTFKCYGVSATKLNDLCFSNVYADSFVVKGDDVRQIAPGQTGVIADYNYKLPDDFMGCVLAWNTRNIDATSTGNYNYKYRYLRHGKLRPFERDISNVPFSPDGKPCTPPALNCYWPLNDYGFYTTTGIGYQPYRVVVLSFELLNAPATVCGPKLSTDLIKNQCVNFNFNGLTGTGVLTPSSKRFQPFQQFGRDVSDFTDSVRDPKTSEILDISPCSFGGVSVITPGTNASSEVAVLYQDVNCTDVSTAIHADQLTPAWRIYSTGNNVFQTQAGCLIGAEHVDTSYECDIPIGAGICASYHTVSLLRSTSQKSIVAYTMSLGADSSIAYSNNTIAIPTNFSISITTEVMPVSMAKTSVDCNMYICGDSTECANLLLQYGSFCTQLNRALSGIAAEQDRNTREVFAQVKQMYKTPTLKYFGGFNFSQILPDPLKPTKRSFIEDLLFNKVTLADAGFMKQYGECLGDINARDLICAQKFNGLTVLPPLLTDDMIAAYTAALVSGTATAGWTFGAGAALQIPFAMQMAYRFNGIGVTQNVLYENQKQIANQFNKAISQIQESLTTTSTALGKLQDVVNQNAQALNTLVKQLSSNFGAISSVLNDILSRLDKVEAEVQIDRLITGRLQSLQTYVTQQLIRAAEIRASANLAATKMSECVLGQSKRVDFCGKGYHLMSFPQAAPHGVVFLHVTYVPSQERNFTTAPAICHEGKAYFPREGVFVFNGTSWFITQRNFFSPQIITTDNTFVSGNCDVVIGIINNTVYDPLQPELDSFKEELDKYFKNHTSPDVDLGDISGINASVVNIQKEIDRLNEVAKNLNESLIDLQELGKYEQYIKWPWYVWLGFIAGLIAIVMVTILLCCMTSCCSCLKGACSCGSCCKFDEDDSEPVLKGVKLHYT;Y
MFVFLVLLPLVSSQCVNLTTRTQLPPAYTNSFTRGVYYPDKVFRSSVLHSTQDLFLPFFSNVTWFHAIHVSGTNGTKRFDNPVLPFNDGVYFASTEKSNIIRGWIFGTTLDSKTQSLLIVNNATNVVIKVCEFQFCNDPFLGVYYHKNNKSWMESEFRVYSSANNCTFEYVSQPFLMDLEGKQGNFKNLREFVFKNIDGYFKIYSKHTPINLVRDLPQGFSALEPLVDLPIGINITRFQTLLALHRSYLTPGDSSSGWTAGAAAYYVGYLQPRTFLLKYNENGTITDAVDCALDPLSETKCTLKSFTVEKGIYQTSNFRVQPTESIVRFPNITNLCPFGEVFNATRFASVYAWNRKRISNCVADYSVLYNSASFSTFKCYGVSPTKLNDLCFTNVYADSFVIRGDEVRQIAPGQTGKIADYNYKLPDDFTGCVIAWNSNNLDSKVGGNYNYLYRLFRKSNLKPFERDISTEIYQAGSTPCNGVEGFNCYFPLQSYGFQPTNGVGYQPYRVVVLSFELLHAPATVCGPKKSTNLVKNKCVNFNFNGLTGTGVLTESNKKFLPFQQFGRDIADTTDAVRDPQTLEILDITPCSFGGVSVITPGTNTSNQVAVLYQDVNCTEVPVAIHADQLTPTWRVYSTGSNVFQTRAGCLIGAEHVNNSYECDIPIGAGICASYQTQTNSPRRARSVASQSIIAYTMSLGAENSVAYSNNSIAIPTNFTISVTTEILPVSMTKTSVDCTMYICGDSTECSNLLLQYGSFCTQLNRALTGIAVEQDKNTQEVFAQVKQIYKTPPIKDFGGFNFSQILPDPSKPSKRSFIEDLLFNKVTLADAGFIKQYGDCLGDIAARDLICAQKFNGLTVLPPLLTDEMIAQYTSALLAGTITSGWTFGAGAALQIPFAMQMAYRFNGIGVTQNVLYENQKLIANQFNSAIGKIQDSLSSTASALGKLQDVVNQNAQALNTLVKQLSSNFGAISSVLNDILSRLDKVEAEVQIDRLITGRLQSLQTYVTQQLIRAAEIRASANLAATKMSECVLGQSKRVDFCGKGYHLMSFPQSAPHGVVFLHVTYVPAQEKNFTTAPAICHDGKAHFPREGVFVSNGTHWFVTQRNFYEPQIITTDNTFVSGNCDVVIGIVNNTVYDPLQPELDSFKEELDKYFKNHTSPDVDLGDISGINASVVNIQKEIDRLNEVAKNLNESLIDLQELGKYEQYIKWPWYIWLGFIAGLIAIVMVTIMLCCMTSCCSCLKGCCSCGSCCKFDEDDSEPVLKGVKLHYT;Y
AAKAAAKAAAKAAAKA;Y
MGILKLQVFLIVLSVALNHLKATPIESHQVEKRKCNTATCATQRLANFLVHSSNNFGAILSSTNVGSNTYGKRNAVEVLKREPLNYLPL;Y
CKAKAQA;Y
CKFKFQF;Y
CKFKFQFNM;Y
CKIKIQI;Y
MIHSVFLLMFLLTPTESYVDVGPDSVKSACIEVDIQQTFFDKTWPRPIDVSKADGIIYPQGRTYSNITITYQGLFPYQGDHGDMYVYSAGHATGTTPQKLFVANYSQDVKQFANGFVVRIGAAANSTGTVIISPSTSATIRKIYPAFMLGSSVGNFSDGKMGRFFNHTLVLLPDGCGTLLRAFYCILEPRSGNHCPAGNSYTSFATYHTPATDCSDGNYNRNASLNSFKEYFNLRNCTFMYTYNITEDEILEWFGITQTAQGVHLFSSRYVDLYGGNMFQFATLPVYDTIKYYSIIPHSIRSIQSDRKAWAAFYVYKLQPLTFLLDFSVDGYIRRAIDCGFNDLSQLHCSYESFDVESGVYSVSSFEAKPSGSVVEQAEGVECDFSPLLSGTPPQVYNFKRLVFTNCNYNLTKLLSLFSVNDFTCSQISPAAIASNCYSSLILDYFSYPLSMKSDLSVSSAGPISQFNYKQSFSNPTCLILATVPHNLTTITKPLKYSYINKCSRFLSDDRTEVPQLVNANQYSPCVSIVPSTVWEDGDYYRKQLSPLEGGGWLVASGSTVAMTEQLQMGFGITVQYGTDTNSVCPKLEFANDTKIASQLGNCVEYSLYGVSGRGVFQNCTAVGVRQQRFVYDAYQNLVGYYSDDGNYYCLRACVSVPVSVIYDKETKTHATLFGSVACEHISSTMSQYSRSTRSMLKRRDSTYGPLQTPVGCVLGLVNSSLFVEDCKLPLGQSLCALPDTPSTLTPRSVRSVPGEMRLASIAFNHPIQVDQLNSSYFKLSIPTNFSFGVTQEYIQTTIQKVTVDCKQYVCNGFQKCEQLLREYGQFCSKINQALHGANLRQDDSVRNLFASVKSSQSSPIIPGFGGDFNLTLLEPVSISTGSRSARSAIEDLLFDKVTIADPGYMQGYDDCMQQGPASARDLICAQYVAGYKVLPPLMDVNMEAAYTSSLLGSIAGVGWTAGLSSFAAIPFAQSIFYRLNGVGITQQVLSENQKLIANKFNQALGAMQTGFTTTNEAFHKVQDAVNNNAQALSKLASELSNTFGAISASIGDIIQRLDVLEQDAQIDRLINGRLTTLNAFVAQQLVRSESAALSAQLAKDKVNECVKAQSKRSGFCGQGTHIVSFVVNAPNGLYFMHVGYYPSNHIEVVSAYGLCDAANPTNCIAPVNGYFIKTNNTRIVDEWSYTGSSFYAPEPITSLNTKYVAPQVTYQNISTNLPPPLLGNSTGIDFQDELDEFFKNVSTSIPNFGSLTQINTTLLDLTYEMLSLQQVVKALNESYIDLKELGNYTYYNKWPWYIWLGFIAGLVALALCVFFILCCTGCGTNCMGKLKCNRCCDRYEEYDLEPHKVHVH;Y
CKIKIQIN;Y
CKIKQII;Y
CKIKQIINM;Y
CKIKQIINMWQ;Y
KASAKAEAKAEAKASA;Y
KIKQIINM;Y
KIKQII;N
KIKQIINMWQ;Y
MKIKIQI;Y
MKALIVLGLVLLSVTVQGKVFERCELARTLKRLGMDGYRGISLANWMCLAKWESGYNTRATNYNAGDRSTDYGIFQINSRYWCNDGKTPGAVNACHLSCSALLQDNIADAVACAKRVVRDPQGIRAWVAWRNRCQNRDVRQYVQGCGV;Y
PPPPPPPPPPRKKRRQRRR;Y
PPPPPPPPPPRRR;Y
MKFKFQF;Y
MKWVTFISLLFLFSSAYSRGVFRRDAHKSEVAHRFKDLGEENFKALVLIAFAQYLQQCPFEDHVKLVNEVTEFAKTCVADESAENCDKSLHTLFGDKLCTVATLRETYGEMADCCAKQEPERNECFLQHKDDNPNLPRLVRPEVDVMCTAFHDNEETFLKKYLYEIARRHPYFYAPELLFFAKRYKAAFTECCQAADKAACLLPKLDELRDEGKASSAKQRLKCASLQKFGERAFKAWAVARLSQRFPKAEFAEVSKLVTDLTKVHTECCHGDLLECADDRADLAKYICENQDSISSKLKECCEKPLLEKSHCIAEVENDEMPADLPSLAADFVESKDVCKNYAEAKDVFLGMFLYEYARRHPDYSVVLLLRLAKTYETTLEKCCAAADPHECYAKVFDEFKPLVEEPQNLIKQNCELFEQLGEYKFQNALLVRYTKKVPQVSTPTLVEVSRNLGKVGSKCCKHPEAKRMPCAEDYLSVVLNQLCVLHEKTPVSDRVTKCCTESLVNRRPCFSALEVDETYVPKEFNAETFTFHADICTLSEKERQIKKQTALVELVKHKPKATKEQLKAVMDDFAAFVEKCCKADDKETCFAEEGKKLVAASQAALGL;Y
KIKIQI;N
MLPGLALLLLAAWTARALEVPTDGNAGLLAEPQIAMFCGRLNMHMNVQNGKWDSDPSGTKTCIDTKEGILQYCQEVYPELQITNVVEANQPVTIQNWCKRGRKQCKTHPHFVIPYRCLVGEFVSDALLVPDKCKFLHQERMDVCETHLHWHTVAKETCSEKSTNLHDYGMLLPCGIDKFRGVEFVCCPLAEESDNVDSADAEEDDSDVWWGGADTDYADGSEDKVVEVAEEEEVAEVEEEEADDDEDDEDGDEVEEEAEEPYEEATERTTSIATTTTTTTESVEEVVREVCSEQAETGPCRAMISRWYFDVTEGKCAPFFYGGCGGNRNNFDTEEYCMAVCGSAMSQSLLKTTQEPLARDPVKLPTTAASTPDAVDKYLETPGDENEHAHFQKAKERLEAKHRERMSQVMREWEEAERQAKNLPKADKKAVIQHFQEKVESLEQEAANERQQLVETHMARVEAMLNDRRRLALENYITALQAVPPRPRHVFNMLKKYVRAEQKDRQHTLKHFEHVRMVDPKKAAQIRSQVMTHLRVIYERMNQSLSLLYNVPAVAEEIQDEVDELLQKEQNYSDDVLANMISEPRISYGNDALMPSLTETKTTVELLPVNGEFSLDDLQPWHSFGADSVPANTENEVEPVDARPAADRGLTTRPGSGLTNIKTEEISEVKMDAEFRHDSGYEVHHQKLVFFAEDVGSNKGAIIGLMVGGVVIATVIVITLVMLKKKQYTSIHHGVVEVDAAVTPEERHLSKMQQNGYENPTYKFFEQMQN;Y
MSRSVALAVLALLSLSGLEAIQRTPKIQVYSRHPAENGKSNFLNCYVSGFHPSDIEVDLL;Y
RADARADFRADARADA;Y
MSSSSWLLLSLVAVTAAQSTIEEQAKTFLDKFNHEAEDLFYQSSLASWNYNTNITEENVQNMNNAGDKWSAFLKEQSTLAQMYPLQEIQNLTVKLQLQALQQNGSSVLSEDKSKRLNTILNTMSTIYSTGKVCNPDNPQECLLLEPGLNEIMANSLDYNERLWAWESWRSEVGKQLRPLYEEYVVLKNEMARANHYEDYGDYWRGDYEVNGVDGYDYSRGQLIEDVEHTFEEIKPLYEHLHAYVRAKLMNAYPSYISPIGCLPAHLLGDMWGRFWTNLYSLTVPFGQKPNIDVTDAMVDQAWDAQRIFKEAEKFFVSVGLPNMTQGFWENSMLTDPGNVQKAVCHPTAWDLGKGDFRILMCTKVTMDDFLTAHHEMGHIQYDMAYAAQPFLLRNGANEGFHEAVGEIMSLSAATPKHLKSIGLLSPDFQEDNETEINFLLKQALTIVGTLPFTYMLEKWRWMVFKGEIPKDQWMKKWWEMKREIVGVVEPVPHDETYCDPASLFHVSDDYSFIRYYTRTLYQFQFQEALCQAAKHEGPLHKCDISNSTEAGQKLL;Y
RADFRADARADARADA;Y
RATARAEARATARAEA;Y
NFGSVQ;Y
NQYYQN;D
NYQGQY;D
QMAVHV;Y
RVQPTESIVRFPNITNLCPFGEVFNATRFASVYAWNRKRISNCVADYSVLYNSASFSTFKCYGVSPTKLNDLCFTNVYADSFVIRGDEVRQIAPGQTGKIADYNYKLPDDFTGCVIAWNSNNLDSKVGGNYNYLYRLFRKSNLKPFERDISTEIYQAGSTPCNGVEGFNCYFPLQSYGFQPTNGVGYQPYRVVVLSFELLHAPATVCGPKKSTNLVKNKCVNFHHHHHH;Y
STIEEQAKTFLDKFNHEAEDLFYQSSLASWNYNTNITEENVQNMNNAGDKWSAFLKEQSTLAQMYPLQEIQNLTVKLQLQALQQNGSSVLSEDKSKRLNTILNTMSTIYSTGKVCNPDNPQECLLLEPGLNEIMANSLDYNERLWAWESWRSEVGKQLRPLYEEYVVLKNEMARANHYEDYGDYWRGDYEVNGVDGYDYSRGQLIEDVEHTFEEIKPLYEHLHAYVRAKLMNAYPSYISPIGCLPAHLLGDMWGRFWTNLYSLTVPFGQKPNIDVTDAMVDQAWDAQRIFKEAEKFFVSVGLPNMTQGFWENSMLTDPGNVQKAVCHPTAWDLGKGDFRILMCTKVTMDDFLTAHHEMGHIQYDMAYAAQPFLLRNGANEGFHEAVGEIMSLSAATPKHLKSIGLLSPDFQEDNETEINFLLKQALTIVGTLPFTYMLEKWRWMVFKGEIPKDQWMKKWWEMKREIVGVVEPVPHDETYCDPASLFHVSNDYSFIRYYTRTLYQFQFQEALCQAAKHEGPLHKCDISNSTEAGQKLFNMLRLGKSEPWTLALENVVGAKNMNVRPLLNYFEPLFTWLKDQNKNSFVGWSTDWSPYADHHHHHH;Y
YFCFY;Y
YFLQY;D
YYLFF;D
RATARAEFRATARAEA;Y
YYLFFKK;D
YYLFFNYQGQTNGY;D
YYNQQNY;D
SAEAKAEAKAEASAEA;Y
VKVKVKVKVDPPTKVEVKVKV;N
YTIAALLSPYS;Y
VKVKVKVK;N
YTVIIE;Y
WTVIIE;Y
VTVIIE;Y
TTVIIE;Y
SYVIIE;Y
SVVIIE;Y
STVYIE;Y
STVWIE;Y
STVTIE;Y
STVNIE;Y
STVLIE;Y
STVIYE;Y
STVIIY;Y
STVIIW;Y
STVIIV;Y
STVIIT;Y
STVIIS;Y
STVIIQ;Y
STVIIN;Y
STVIIM;Y
STVIIL;Y
STVIII;Y
STVIIF;Y
STVIIE;Y
STVIID;Y
STVIIA;Y
STVIFE;Y
STVFIE;Y
STVEIE;Y
STSIIE;Y
STQIIE;Y
STNIIE;Y
STLIIE;Y
STFIIE;Y
STEIIE;Y
SSVIIE;Y
SQVIIE;Y
SNVIIE;Y
SMVIIE;Y
SLVIIE;Y
SIVIIE;Y
SGVIIE;Y
SFVIIE;Y
SEVIIE;Y
SDVIIE;Y
SAVIIE;Y
QTVIIE;Y
NTVIIE;Y
MTVIIE;Y
LTVIIE;Y
ITVIIE;Y
GTVIIE;Y
FTVIIE;Y
ETVIIE;Y
DTVIIE;Y
ATVIIE;Y
NHVTLS;Y
LLYYTE;Y
KIVKWD;Y
KDWSFY;Y
FYLLYY;Y
VEALYL;Y
LYQLEN;Y
LVEALY;Y
FLVHSS;Y
SWVIIE;N
STYIIE;N
STVVIE;N
STVSIE;N
STVQIE;N
STVPIE;N
STVMIE;N
STVIWE;N
STVIVE;N
STVITE;N
STVISE;N
STVIQE;N
STVIPE;N
STVINE;N
STVIME;N
STVILE;N
STVIIP;N
STVIGE;N
STVIEE;N
STVIDE;N
STVIAE;N
STVGIE;N
STVDIE;N
STVAIE;N
STTIIE;N
STPIIE;N
STMIIE;N
STIIIE;N
STGIIE;N
STDIIE;N
STAIIE;N
SPVIIE;N
PTVIIE;N
KTVLIE;N
KTVIYE;N
KTVIVE;N
KTVIIT;N
KTVIIE;N
YYTEFT;N
YVSGFH;N
WSFYLL;N
VYSRHP;N
VTLSQP;N
VKWDRD;N
TEFTPT;N
SRHPAE;N
SGFHPS;N
SDLSFS;N
RVNHVT;N
RTPKIQ;N
QPKIVK;N
PTEKDE;N
PSDIEV;N
PKIQVY;N
NGKSNF;N
NGERIE;N
LSQPKI;N
LSFSKD;N
LKNGER;N
KWDRDM;N
KVEHSD;N
KSNFLN;N
IQVYSR;N
IQRTPK;N
IEKVEH;N
HPAENG;N
FTPTEK;N
FSKDWS;N
FHPSDI;N
EVDLLK;N
ERIEKV;N
EKDEYA;N
EHSDLS;N
DLLKNG;N
DIEVDL;N
AENGKS;N
YQLENY;N
SLYQLE;N
SHLVEA;N
RGFFYT;N
HLVEAL;N
GSHLVE;N
GFFYTP;N
GERGFF;N
FYTPKT;N
FVNQHL;N
FFYTPK;N
ERGFFY;N
EALYLV;N
NLGPVL;N
LIAGFN;N